1,3.7954962581314E-4
501,6.371218318297463E-4
1001,8.752532574742397E-4
1501,0.0010576330615014707
2001,0.0012263476041298501
2501,0.0018130206272952238
3001,0.0018715608600154154
3501,0.0018121016679640812
4001,0.0016185057122506375
4501,0.002104638553797742
5001,0.005716684162779797
5501,0.0035665864615228894
6001,0.003298023609422891
6501,0.0032550393360917403
7001,0.003302202611484493
7501,0.0030457888593145624
8001,0.0026615676043228306
8501,0.003568712303796739
9001,0.004118454577451053
9501,0.003906697327896665
10001,0.0029585576558074046
10501,0.005460159579069721
11001,0.005367126351099516
11501,0.005342238565014771
12001,0.005148692117374406
12501,0.005660593268282898
13001,0.005250394095349683
13501,0.005817807307235131
14001,0.005669624581411959
14501,0.006446876445839335
15001,0.006139434956486057
15501,0.007268657896719015
16001,0.00641880797992741
16501,0.007475985410783058
17001,0.0068065358107184965
17501,0.008105989770259763
18001,0.006783375663007495
18501,0.007196836804796301
19001,0.007709051229692974
19501,0.007649963685106407
20001,0.007875048407459917
20501,0.008798103315925676
21001,0.008531382733161475
21501,0.009033424187995697
22001,0.008476336796855522
22501,0.012815059563037641
23001,0.010472951136639255
23501,0.009351703590478233
24001,0.011501324146335748
24501,0.010481381495048837
25001,0.010211204540034548
25501,0.010397052712622869
26001,0.011825201190167367
26501,0.01088575075226305
27001,0.010588324577137308
27501,0.010406873360168342
28001,0.010958495159765555
28501,0.011581980606376923
29001,0.011048617009235139
29501,0.011660801417585822
30001,0.012380480263489556
30501,0.018942441646512726
31001,0.011845917185748293
31501,0.012287695643074699
32001,0.014417365056172207
32501,0.014022998246794175
33001,0.013439113486927097
33501,0.012601122564530609
34001,0.012789391645570197
34501,0.012236007766313487
35001,0.012827900511243837
35501,0.013212584552287014
36001,0.013956664939674656
36501,0.013225092847633997
37001,0.01584784922752098
37501,0.01612847799193
38001,0.014237219470929983
38501,0.016089975158018226
39001,0.017326308307609332
39501,0.01461036759458483
40001,0.015445367767819988
40501,0.015775790646191837
41001,0.014897084958957812
41501,0.007749142297780836
42001,0.017385869313328875
42501,0.01294106949904105
43001,0.01533167210454654
43501,0.012410158270433657
44001,0.01904834075396505
44501,0.013373242262986942
45001,0.017188582947526506
45501,0.018276886718485763
46001,0.014928598751124973
46501,0.01714662039235934
47001,0.01595858920608573
47501,0.017708166163533726
48001,0.01791975410848235
48501,0.017359811551812234
49001,0.018592203970677863
49501,0.018807773909941247
50001,0.01810460418878246
50501,0.019222431648769016
51001,0.020037492232011695
51501,0.016689734676480154
52001,0.01965676382434908
52501,0.020186169587504323
53001,0.018238676444363718
53501,0.019767314096970048
54001,0.018379420306166558
54501,0.020707229637451616
55001,0.01967087072690099
55501,0.019249317555941146
56001,0.020754807355555335
56501,0.022055913139146895
57001,0.019545427214846096
57501,0.01916203287829792
58001,0.01918476887642198
58501,0.019148541492283542
59001,0.018647370566499708
59501,0.020892710946948594
60001,0.02022218472393347
60501,0.03578201605262597
61001,0.019488903505566518
61501,0.023320066037651133
62001,0.014517378934212727
62501,0.021284830582377776
63001,0.026018517814197686
63501,0.022637710653440765
64001,0.02307990073603072
64501,0.04599035970446227
65001,0.02260601117908611
65501,0.02253485477623083
66001,0.02511311720205369
66501,0.028955399253497147
67001,0.024957340328109284
67501,0.02386959065346151
68001,0.024466032052278482
68501,0.0303114116645198
69001,0.024420987486072146
69501,0.025794854162253224
70001,0.025580576633614873
70501,0.02566872409736947
71001,0.02782127657209765
71501,0.025849758242112515
72001,0.025233427864528014
72501,0.026836784941655555
73001,0.024838303231391787
73501,0.028323081364142508
74001,0.02501634736639762
74501,0.026786508327691236
75001,0.02632409378757308
75501,0.02846828040585411
76001,0.030629789302196654
76501,0.02616907737389047
77001,0.025906112017455744
77501,0.028958974458852284
78001,0.026730244497154217
78501,0.027364062541843762
79001,0.028704795744411035
79501,0.026606385392497434
80001,0.028347270501937565
80501,0.028360184709235164
81001,0.02902410629375764
81501,0.02858094879758177
82001,0.029468356552718827
82501,0.029132760552188493
83001,0.02920135819893794
83501,0.029155791209063767
84001,0.030386684582007828
84501,0.029031116172925576
85001,0.030354280314064206
85501,0.031038037186613646
86001,0.02983421489501763
86501,0.036677165321599224
87001,0.03182415244385945
87501,0.030270148864834742
88001,0.030649563713429355
88501,0.03455695300774159
89001,0.03365525357858038
89501,0.03363632683034743
90001,0.03309682132005218
90501,0.03171615945381501
91001,0.035593970614074634
91501,0.03692019182872157
92001,0.031410125651322666
92501,0.031100927445774473
93001,0.031731987577110654
93501,0.037403523817655
94001,0.03534430364657632
94501,0.034994731041502754
95001,0.03155293217919977
95501,0.040279573095844706
96001,0.03463316252486508
96501,0.03998338355628678
97001,0.0355099840229982
97501,0.043038707137266215
98001,0.03549906771722876
98501,0.030895070447406216
99001,0.03983730598273187
99501,0.034940771673698516
100001,0.03549155988973576
100501,0.03489792439743122
101001,0.034568919169682834
101501,0.035531056485156795
102001,0.03566837972287881
102501,0.03465074274746342
103001,0.034538101453068716
103501,0.04393361545863255
104001,0.034369508873333565
104501,0.036613826856110296
105001,0.03562328317945333
105501,0.03749390513873866
106001,0.03586461521948514
106501,0.03488970918703576
107001,0.037547816488400484
107501,0.03840395919887965
108001,0.03553247078856099
108501,0.0436999237100971
109001,0.03680901381279204
109501,0.03650778900288058
110001,0.033882487341613414
110501,0.044380502926324526
111001,0.038680320019865135
111501,0.04196721434245156
112001,0.04851642729730605
112501,0.043530373021461226
113001,0.04045258590783274
113501,0.036714889076131886
114001,0.037432160625807544
114501,0.03999674669619127
115001,0.040036453502121296
115501,0.04724854554606058
116001,0.037655890418458904
116501,0.04016196127056988
117001,0.040697622089313386
117501,0.039749453357088606
118001,0.03916703233484981
118501,0.0456756148693878
119001,0.040753756535781456
119501,0.03873864599477374
120001,0.04100343689066698
120501,0.04530481602792009
121001,0.04118697714923743
121501,0.039502113732125164
122001,0.03929363096163273
122501,0.04088763464510718
123001,0.04600695496948645
123501,0.04071863999840724
124001,0.041340540336591625
124501,0.04336569205434811
125001,0.04095300188709082
125501,0.042793827483510946
126001,0.04680644901570623
126501,0.027423277345392936
127001,0.03556023930516125
127501,0.043192574189171815
128001,0.04539440266518018
128501,0.04260907025086932
129001,0.04438415042349769
129501,0.04907513790044188
130001,0.05731798984024025
130501,0.04776850568017334
131001,0.04810915806281448
131501,0.06287205092613331
132001,0.04599988839197586
132501,0.04625096058150075
133001,0.04685455107501204
133501,0.04756078279209078
134001,0.04575683251702911
134501,0.05550731643906961
135001,0.04462365733614913
135501,0.045028824314672526
136001,0.0421719124396194
136501,0.04963525285762535
137001,0.048532435352042
137501,0.05161127170864049
138001,0.049420903546977896
138501,0.05071552169907708
139001,0.04908737535823739
139501,0.050148761880623775
140001,0.04899818166093328
140501,0.04911210585445727
141001,0.04749221377049321
141501,0.048051894918593505
142001,0.04931084309111436
142501,0.04778286910899883
143001,0.047265869720821085
143501,0.051079443937614606
144001,0.04968450417569527
144501,0.05152216586403583
145001,0.05163007102741945
145501,0.051152055158866006
146001,0.04940029044540451
146501,0.05017654787894607
147001,0.05438022362410657
147501,0.04802638632342922
148001,0.0505973291528448
148501,0.051918011581901076
149001,0.05657745256160478
149501,0.04995363035080815
150001,0.055908049796763434
150501,0.05041834576311632
151001,0.05362366987376447
151501,0.053894222796952
152001,0.0540461083206152
152501,0.06031154578655488
153001,0.05247039159634748
153501,0.050846003263664015
154001,0.05236421831925431
154501,0.05139017257241714
155001,0.031083426660058415
155501,0.04933592850786956
156001,0.050043457721637534
156501,0.05212132289641223
157001,0.05089796295144884
157501,0.04965072012611133
158001,0.051410376064547736
158501,0.053704572736426336
159001,0.051531644653875344
159501,0.049070060823488006
160001,0.06427966057900013
160501,0.048774424663532226
161001,0.05146845172025305
161501,0.05562703557095019
162001,0.05078349670659794
162501,0.05231558176565514
163001,0.05406265059076385
163501,0.06037023043867125
164001,0.06431186925523479
164501,0.059332783926832174
165001,0.054343537773351235
165501,0.05420799174638841
166001,0.05631605475430783
166501,0.05624526147697445
167001,0.053804265691651434
167501,0.05499760677726054
168001,0.053253371048926586
168501,0.05635847226602201
169001,0.056957514993453466
169501,0.05315904549650865
170001,0.05573653270271517
170501,0.06179271370839823
171001,0.057104393463198865
171501,0.053179387501850854
172001,0.05421436627047467
172501,0.05483427141000411
173001,0.05827318240786234
173501,0.056790879357648844
174001,0.06487645512745321
174501,0.06642153668874994
175001,0.05503302167301702
175501,0.056548178926258096
176001,0.05727291915321194
176501,0.05682185823246402
177001,0.05626007734736208
177501,0.05666162229827459
178001,0.05625682503175534
178501,0.06220518525006395
179001,0.06686715207125749
179501,0.06102928149980386
180001,0.05675685691113631
180501,0.05623566134196499
181001,0.059202473192545055
181501,0.05498792525535116
182001,0.0596732727306572
182501,0.05685171857684601
183001,0.056629502779443446
183501,0.057948181671059376
184001,0.05832880597684187
184501,0.059884289292093607
185001,0.06293841307183856
185501,0.0588493077257958
186001,0.06147837433152722
186501,0.05902056579924905
187001,0.05911640960103914
187501,0.05903277313704235
188001,0.05739257628506115
188501,0.05891151435071218
189001,0.05602994768696381
189501,0.05901095415429877
190001,0.06165923504465348
190501,0.06105482953592691
191001,0.05852103204255578
191501,0.06424346620577062
192001,0.06650042285708965
192501,0.06419010957204586
193001,0.061225401393689184
193501,0.05896403697956179
194001,0.06318774590876157
194501,0.05939962475152755
195001,0.06179941971193591
195501,0.058208383765913745
196001,0.059301826561569584
196501,0.06160328437043797
197001,0.0627669850022802
197501,0.06451152792675438
198001,0.060936146248988673
198501,0.07300784806692664
199001,0.06200473066587363
199501,0.06229070382149642
200001,0.06378273755519265
200501,0.062291576976571575
201001,0.06265960006565634
201501,0.062368227571292935
202001,0.06340636791107712
202501,0.06420315697758837
203001,0.0670279760173834
203501,0.06524662891361209
204001,0.062399925610635905
204501,0.06401946615134763
205001,0.0628125475781141
205501,0.06409935496930612
206001,0.06418262883454565
206501,0.06400749055040751
207001,0.061356398299455356
207501,0.06648347281875255
208001,0.0647868484181865
208501,0.062241171968158315
209001,0.06301735373481598
209501,0.06357411261325885
210001,0.06271274758850971
210501,0.06677158312263888
211001,0.06351549644869484
211501,0.06405024377228916
212001,0.06743118624354622
212501,0.06700386288995129
213001,0.07508435060056841
213501,0.0654098454931261
214001,0.06685782221869904
214501,0.07456929088145207
215001,0.07442582404803416
215501,0.06412138752340403
216001,0.06629490115936684
216501,0.08669741273689756
217001,0.06800238696465323
217501,0.07388408917838053
218001,0.07419372529351603
218501,0.07007483897276423
219001,0.06727463019887445
219501,0.06795231535678309
220001,0.0654467699302475
220501,0.06645665741917302
221001,0.06784991193848398
221501,0.06805954464931498
222001,0.06734185812639283
222501,0.06898256089494786
223001,0.06800300243040602
223501,0.06516338034381051
224001,0.06901489697797306
224501,0.06605603569905057
225001,0.07157234791730005
225501,0.06916441677826307
226001,0.07153991921836146
226501,0.06887386417833574
227001,0.06888324496664458
227501,0.07088083905292744
228001,0.06643057199193614
228501,0.07036268975819666
229001,0.0686351517206142
229501,0.07027845784047998
230001,0.0665898121657087
230501,0.07207134440327041
231001,0.07108336493218789
231501,0.0703109827741638
232001,0.07123512636641803
232501,0.07732354473297363
233001,0.0677565174132928
233501,0.07104266626737897
234001,0.06784718842719452
234501,0.07241065192910426
235001,0.06787904166436742
235501,0.0790744798494021
236001,0.07639250198255697
236501,0.06750092085716207
237001,0.0690292851472471
237501,0.06901175896903554
238001,0.07000492269648519
238501,0.07380760600100418
239001,0.06810880959829922
239501,0.0766543899113382
240001,0.07011547407738579
240501,0.0783151365383717
241001,0.07942854318703128
241501,0.07015730534881046
242001,0.0725748184731121
242501,0.07653837670930745
243001,0.07620377229444616
243501,0.07451996124095266
244001,0.07303132312174784
244501,0.07099475391278584
245001,0.07376713942058494
245501,0.07167544364128461
246001,0.07360934801941443
246501,0.07182139340959905
247001,0.08245920204421424
247501,0.07255552558753554
248001,0.08368637503774275
248501,0.07453753407979125
249001,0.07058797160067233
249501,0.07594252256687341
250001,0.07393137369715423
250501,0.07203067572262428
251001,0.07524374478873977
251501,0.0736724872680728
252001,0.07249679207751461
252501,0.07265321556268717
253001,0.0744989441697951
253501,0.0727321348990126
254001,0.078710110026646
254501,0.07406605183873824
255001,0.08271909032720474
255501,0.074830423498159
256001,0.07327418799060369
256501,0.07388252209656598
257001,0.07240086112607377
257501,0.07873756107075705
258001,0.07286043471641739
258501,0.0794042983246078
259001,0.07723786665996489
259501,0.07585387110710441
260001,0.0736582891862021
260501,0.07521468787943525
261001,0.07834040301781545
261501,0.07436377312088956
262001,0.07447679035222825
262501,0.07592123192024172
263001,0.08482907823822788
263501,0.07551460956560806
264001,0.07633835684303399
264501,0.0732600949308235
265001,0.07686561309796831
265501,0.07508855618645667
266001,0.07496420094616044
266501,0.07700336450864069
267001,0.08354668919945864
267501,0.09535656448885486
268001,0.07530169420666699
268501,0.08504335637966402
269001,0.08224068187748503
269501,0.08556415668791603
270001,0.07839205439409677
270501,0.07783479975392936
271001,0.09265805922853255
271501,0.08831696549942693
272001,0.08054735519211279
272501,0.07797661382009602
273001,0.07655109032066398
273501,0.07605453424828347
274001,0.07737332924592225
274501,0.07889991338118629
275001,0.08573532232831012
275501,0.08054006573924667
276001,0.07557032934509708
276501,0.0795286518420012
277001,0.0858795499726702
277501,0.07695656521802034
278001,0.08316339061342169
278501,0.08249358737806241
279001,0.08442003767128084
279501,0.08366475524126683
280001,0.08014243316814114
280501,0.07691397160681633
281001,0.08982396113579631
281501,0.08127522017349274
282001,0.08205691123759946
282501,0.08204135835886432
283001,0.08117687286851719
283501,0.08282552792121393
284001,0.08569212094779477
284501,0.08132786845982157
285001,0.08407656335001812
285501,0.08262528439517781
286001,0.08154306377796054
286501,0.08335342253605652
287001,0.07953809240491755
287501,0.0814870676971819
288001,0.08462634107193873
288501,0.08063247145551038
289001,0.08349670980123276
289501,0.08273059376624675
290001,0.08336439384341261
290501,0.08520115691854506
291001,0.08166070931687172
291501,0.08856651156634243
292001,0.08133936922692002
292501,0.08178306236250947
293001,0.084676031710655
293501,0.08862943303198063
294001,0.08484696967392141
294501,0.08726184585702837
295001,0.07994623102894295
295501,0.0814726432553592
296001,0.08242103467217354
296501,0.08415217087540172
297001,0.08625888707117119
297501,0.08136970758750743
298001,0.08768406021957703
298501,0.08495141613570761
299001,0.07968085415341072
299501,0.08376440085696531
300001,0.08411059304514118
300501,0.08135280334339755
301001,0.09691230343070177
301501,0.08389774518415463
302001,0.08362833413136593
302501,0.08802655441111347
303001,0.08235413687941387
303501,0.08623647854341306
304001,0.0812907787600205
304501,0.0864092724784956
305001,0.08422395355994167
305501,0.08653889545072209
306001,0.08517307933990863
306501,0.08349331891866679
307001,0.08474535914709322
307501,0.0830378818602877
308001,0.08941548469454824
308501,0.08551770694218049
309001,0.09783063951779271
309501,0.08555297033758591
310001,0.08628680596387081
310501,0.08599806442043739
311001,0.08635831792872517
311501,0.08509695695312043
312001,0.08657708685972823
312501,0.09083583233972756
313001,0.08831870076140408
313501,0.08773540479379553
314001,0.08635367547029278
314501,0.08359071964391664
315001,0.09256255872373113
315501,0.08395902927409524
316001,0.08653160931720709
316501,0.08470847188173927
317001,0.08611483758913346
317501,0.09220309271430639
318001,0.08918348371203183
318501,0.08851798050205839
319001,0.09886193706594391
319501,0.08627491666908972
320001,0.08956881603532803
320501,0.08601741293012141
321001,0.08676142883256549
321501,0.09465101891176503
322001,0.08627730147802283
322501,0.09046577871631671
323001,0.0931116665126485
323501,0.08695358049571426
324001,0.08674655941283171
324501,0.08889406904148298
325001,0.08898747934165432
325501,0.0908361803382969
326001,0.08599443951615865
326501,0.09589369008296637
327001,0.09080265876126142
327501,0.08919266104405235
328001,0.08758193887665745
328501,0.09283437559146222
329001,0.08703537343636267
329501,0.08930674150802323
330001,0.09076487329935136
330501,0.09159237602262374
331001,0.0890074317647893
331501,0.08804616173414631
332001,0.08917567871444068
332501,0.09941472274887637
333001,0.0902605518859583
333501,0.09280300076704456
334001,0.09189772991376503
334501,0.09080151885663201
335001,0.08842433408603034
335501,0.0927361302022595
336001,0.09467342651796326
336501,0.09113028254134398
337001,0.0906782958650368
337501,0.08821735514720914
338001,0.0932924080179438
338501,0.09101320893132363
339001,0.08755450202284215
339501,0.10002730605177387
340001,0.09113557052799408
340501,0.08838000931304467
341001,0.09373964655719386
341501,0.09136328987270695
342001,0.10026152912591672
342501,0.08989207442823738
343001,0.09195129072539411
343501,0.09529345682352915
344001,0.09026123073823472
344501,0.09140702637821242
345001,0.09490461116665418
345501,0.09002406343941138
346001,0.09092703041605041
346501,0.09227486777702766
347001,0.09369131206492409
347501,0.10118388882879836
348001,0.09134870223678047
348501,0.09285136558240123
349001,0.09052877660981486
349501,0.09649829730210178
350001,0.09512039061488138
350501,0.09618074962458165
351001,0.10467556710829615
351501,0.10594851704838872
352001,0.09849631588456437
352501,0.09108394617497333
353001,0.09389084757276374
353501,0.09098834610084733
354001,0.09613487835722233
354501,0.09332339900713182
355001,0.09481757940904752
355501,0.09409944936956496
356001,0.09112265315299913
356501,0.09476455168073128
357001,0.09612363292817021
357501,0.09409718060789975
358001,0.09436229173465634
358501,0.0954389409415235
359001,0.09555176908914984
359501,0.09610165383775685
360001,0.0947874908343547
360501,0.09983544563545793
361001,0.10161704318767534
361501,0.09984643116395112
362001,0.09681229237562358
362501,0.09125983876272616
363001,0.0951110623749445
363501,0.09547603489406405
364001,0.09443788063538024
364501,0.09779302677480836
365001,0.09696174054183333
365501,0.09981037728292465
366001,0.10169663114608933
366501,0.09805071569844576
367001,0.10201192997944787
367501,0.09747586756989587
368001,0.0971906127803774
368501,0.0976213913084196
369001,0.09976218460385276
369501,0.09726010914584468
370001,0.09637610634594936
370501,0.09769611960868836
371001,0.09990103311411902
371501,0.09682137916461855
372001,0.10017275190249057
372501,0.09943679330609921
373001,0.09865709563666056
373501,0.09543192357118421
374001,0.10194573428309656
374501,0.10115080231571941
375001,0.10027868344034437
375501,0.09353712494546507
376001,0.10119805957234396
376501,0.10854378324681843
377001,0.11488586703868668
377501,0.10870895371846567
378001,0.09705393110982462
378501,0.09665671168267959
379001,0.1010622493079738
379501,0.10043562782450151
380001,0.09727477679436755
380501,0.10136768700446193
381001,0.1001058002946929
381501,0.10031584236594646
382001,0.10141451043882481
382501,0.10095802071776103
383001,0.10510151414841783
383501,0.09463889000424902
384001,0.10232779752766634
384501,0.10049614308478101
385001,0.0986537656223379
385501,0.09852975767225891
386001,0.09616887553516942
386501,0.09765782330912322
387001,0.10085622309668052
387501,0.10379576075224847
388001,0.10083706618565391
388501,0.10103638481035492
389001,0.10038737975716146
389501,0.09851172506780856
390001,0.09886065586625227
390501,0.10240048593060003
391001,0.09881352066823532
391501,0.1040295291550548
392001,0.1005181937989677
392501,0.1027934035521562
393001,0.10097107181249768
393501,0.10007673610570106
394001,0.10732220568363697
394501,0.10408867490317698
395001,0.10055721071386116
395501,0.10333277528078187
396001,0.10214214619596992
396501,0.10456255625533445
397001,0.10488458297992019
397501,0.10363147606505842
398001,0.10066386540621985
398501,0.10310884582163739
399001,0.10349748009546975
399501,0.10051030448987253
400001,0.10412602930880258
400501,0.10405628368868415
401001,0.1030093653074714
401501,0.10391838539808897
402001,0.10236587108124466
402501,0.10099837054804964
403001,0.10232365374326287
403501,0.10300494740832881
404001,0.10803541313446297
404501,0.10304139806888876
405001,0.10633986018354043
405501,0.1029018078878802
406001,0.10033590519914456
406501,0.10336075067012848
407001,0.10288463189222456
407501,0.10392943516519443
408001,0.08223725285228704
408501,0.1024906017349886
409001,0.09942257625047876
409501,0.09991706436925334
410001,0.10237329950077947
410501,0.10359782940755344
411001,0.11812829151471792
411501,0.10484266057519027
412001,0.10687604850673017
412501,0.08666508791812377
413001,0.09987943429353993
413501,0.10375064744481725
414001,0.10235616494845048
414501,0.10329267664035222
415001,0.10548918258492408
415501,0.10553292836815054
416001,0.10831850016926138
416501,0.10577517094060374
417001,0.1031959289552628
417501,0.1051704408256048
418001,0.1033197473768598
418501,0.10838276237791637
419001,0.10313698856661806
419501,0.10963141691674282
420001,0.10866315464910382
420501,0.10512722708730886
421001,0.10916611167917867
421501,0.10932396163268546
422001,0.10655414057254202
422501,0.10635199879961302
423001,0.10411901743996661
423501,0.10775788342190999
424001,0.10581050773145996
424501,0.10451254378279992
425001,0.10627209348956097
425501,0.10530946940980329
426001,0.11077747426065666
426501,0.1111102850559338
427001,0.10921639343825496
427501,0.11736327372763217
428001,0.10724106194315307
428501,0.11060046664219661
429001,0.10511499748020502
429501,0.10766702841108684
430001,0.1052553726652765
430501,0.10732494090368971
431001,0.10328820568773499
431501,0.10678164847486944
432001,0.11536243122768891
432501,0.1103464000160869
433001,0.10815857576059035
433501,0.10628519234530123
434001,0.10792325328644087
434501,0.10978463976334393
435001,0.10917450274739096
435501,0.10790923618332585
436001,0.11651383420393742
436501,0.10768297589257182
437001,0.11787435043618542
437501,0.10812982387016051
438001,0.1058224461146073
438501,0.11332787676338622
439001,0.10721425011562728
439501,0.10670195141442694
440001,0.10602921091860976
440501,0.1061622970615204
441001,0.10515052988310054
441501,0.10907522072256698
442001,0.10881353537336709
442501,0.12029785546629902
443001,0.10483765280594241
443501,0.10834782756009223
444001,0.11500475236464601
444501,0.11839673373683846
445001,0.11065481410059187
445501,0.11074861911347622
446001,0.10877039197139259
446501,0.10792634287615419
447001,0.1078198480706674
447501,0.11560620759650593
448001,0.11221832485135859
448501,0.11040887579911139
449001,0.10820084284514365
449501,0.10682579678308614
450001,0.10836413726426829
450501,0.11110906796253743
451001,0.10869609847945534
451501,0.11352029365560336
452001,0.1116694980186354
452501,0.1085291113381001
453001,0.11150575424924493
453501,0.11132331627413647
454001,0.1106863170819358
454501,0.11463716245399738
455001,0.10963694043315077
455501,0.11290859169935752
456001,0.11211083992859293
456501,0.10593705304483962
457001,0.10988768245668117
457501,0.11036185250061992
458001,0.11425877662075126
458501,0.11355755255092755
459001,0.10954135223122602
459501,0.10899846821000085
460001,0.12573732666172482
460501,0.11413857308179463
461001,0.10904601612535268
461501,0.11080820844125623
462001,0.11593868658894277
462501,0.1114574134792472
463001,0.11927066721628078
463501,0.10938590238199451
464001,0.11347805837291026
464501,0.11419175713025499
465001,0.11809402731029568
465501,0.11066845468046103
466001,0.11264272311176342
466501,0.11523331300522152
467001,0.11724039671472196
467501,0.10841881038037302
468001,0.1136118982362431
468501,0.11565366947232876
469001,0.11814765878382177
469501,0.11081546119160264
470001,0.11108361939247544
470501,0.11276877360086802
471001,0.11484460759995449
471501,0.11504251589111845
472001,0.1150711888462638
472501,0.10862585542569125
473001,0.11886754794321983
473501,0.11276591602674363
474001,0.11380547035699998
474501,0.1144821525755201
475001,0.11362375512725004
475501,0.11702932143335434
476001,0.11375728883709578
476501,0.12858079288946495
477001,0.1118992315279791
477501,0.11212439521263051
478001,0.11606025494201681
478501,0.1251398647492374
479001,0.12172888526111689
479501,0.11409014059706558
480001,0.11305186025808338
480501,0.11896520975134603
481001,0.11485355078693889
481501,0.11608887643603055
482001,0.11328527738181794
482501,0.12736787375634384
483001,0.11182799716347991
483501,0.11545148675701804
484001,0.1190794207343459
484501,0.11125356382370911
485001,0.11346091001333501
485501,0.12149007307886403
486001,0.11806738274814516
486501,0.11755642573960563
487001,0.11823479879387784
487501,0.11662987379582024
488001,0.11464329782114469
488501,0.11549995302468964
489001,0.11637022389707811
489501,0.11707019571516808
490001,0.13291773289070513
490501,0.11773178262694436
491001,0.13059862023092514
491501,0.11655223533714161
492001,0.11676388438468707
492501,0.11973191512714922
493001,0.11388043469951335
493501,0.12048465014247815
494001,0.11547211594474258
494501,0.12011116030352866
495001,0.1163630950642489
495501,0.11438644462336876
496001,0.12497071072354995
496501,0.12161269276091943
497001,0.11575235547386285
497501,0.11887588141628155
498001,0.12110324284633457
498501,0.11669663804662388
499001,0.11497702306584762
499501,0.12634471361648258
500001,0.11618044167730365
500501,0.11619168433978684
501001,0.11833954788872843
501501,0.118560485916299
502001,0.1220331146674393
502501,0.115015350406684
503001,0.11757512318067581
503501,0.1193264365592771
504001,0.12273693861231934
504501,0.11780298808997886
505001,0.12013123225041575
505501,0.11889885512560851
506001,0.119436782962996
506501,0.11996280285348274
507001,0.11813512873207942
507501,0.12235173212999265
508001,0.11837900856583676
508501,0.12503852255862827
509001,0.11807699348030128
509501,0.11727490744969853
510001,0.11535099159297074
510501,0.12277276591829026
511001,0.11707695164107
511501,0.1214461786847545
512001,0.1276252883365315
512501,0.12219639409277339
513001,0.11712567045579571
513501,0.12642784700086931
514001,0.1191511498770699
514501,0.1208783325023698
515001,0.11698721096646893
515501,0.12248854976533438
516001,0.12167320628322621
516501,0.11988311640123087
517001,0.12336106045942268
517501,0.13207444980967806
518001,0.12200903430885388
518501,0.12369878922283542
519001,0.12071403026992855
519501,0.12687293298558355
520001,0.11817649835804135
520501,0.11895666001344025
521001,0.11873744818421599
521501,0.11672391386273263
522001,0.1209575240672302
522501,0.12191110724136268
523001,0.1236542078431434
523501,0.12518952344801815
524001,0.11682896124864911
524501,0.11834922406498438
525001,0.12069374467205338
525501,0.13182833357311796
526001,0.11928490291403473
526501,0.12565366783571455
527001,0.11955333971366164
527501,0.11872452009136576
528001,0.12679288803882932
528501,0.12288964705909333
529001,0.12603968470691834
529501,0.12490540862978076
530001,0.1269474105457349
530501,0.12241675453252121
531001,0.12344926688873425
531501,0.11853171562251306
532001,0.11786840404988656
532501,0.12460387817831048
533001,0.11759731707513506
533501,0.12238866864078272
534001,0.13510773051459804
534501,0.12604727090716042
535001,0.11866532752189206
535501,0.12896903091234552
536001,0.1232980285642264
536501,0.12207292636593092
537001,0.11944929312759928
537501,0.12396870866374153
538001,0.12319818332105742
538501,0.12489059440857869
539001,0.12350656312997271
539501,0.12650880274094412
540001,0.12512529886377124
540501,0.12095655520591682
541001,0.1206234607418358
541501,0.1294772483542947
542001,0.12165316935018136
542501,0.12539202057586457
543001,0.12588961328128334
543501,0.1228648803940865
544001,0.1238342609233026
544501,0.12100762059521292
545001,0.12121881268959918
545501,0.13288885781982016
546001,0.12187912868191901
546501,0.12606362077168623
547001,0.13203718367163964
547501,0.1295350711254744
548001,0.12871412195287685
548501,0.12766548887233628
549001,0.13357150682335253
549501,0.13060420909613213
550001,0.12061656103989382
550501,0.12030346337282694
551001,0.12183004907187542
551501,0.12327303068670793
552001,0.12487171704132036
552501,0.12074137640922093
553001,0.12848684594608437
553501,0.12350481567736345
554001,0.12400222540865678
554501,0.12251228515133852
555001,0.12489213632211012
555501,0.12088736171001137
556001,0.12622847012873709
556501,0.1286388188730089
557001,0.13338276266265567
557501,0.12543820696459526
558001,0.1362269901156414
558501,0.1242943736449952
559001,0.122882014872797
559501,0.12273658891995809
560001,0.12135073099748149
560501,0.12497382046932617
561001,0.1311159993633904
561501,0.13039172188747836
562001,0.1287272396915095
562501,0.12543374625080203
563001,0.12344633611200082
563501,0.1254664131125776
564001,0.12545740375059072
564501,0.12338062010727628
565001,0.12779210988964312
565501,0.13802847063320192
566001,0.1252433889944473
566501,0.12319170735979186
567001,0.13097771065695749
567501,0.12326947793438214
568001,0.12309454293011447
568501,0.12272866235506788
569001,0.1289318888679277
569501,0.13919839803197895
570001,0.12915376520083646
570501,0.13160308296967627
571001,0.12508881199305
571501,0.13225643239932608
572001,0.12860551728882622
572501,0.12535679417910903
573001,0.12849199409520956
573501,0.13134694411417835
574001,0.1246494286079646
574501,0.13451763731680175
575001,0.12428331275581696
575501,0.12977249975077695
576001,0.12992600826998693
576501,0.12824715037202702
577001,0.13032132054298873
577501,0.1374733894526162
578001,0.12955014427928463
578501,0.13544393243325284
579001,0.1294659435290096
579501,0.12960269359665838
580001,0.12487410900895772
580501,0.1367690247501874
581001,0.12580782403795804
581501,0.12745678730628165
582001,0.12809139255572735
582501,0.1323273359200433
583001,0.13868097591708092
583501,0.1282991235861298
584001,0.12417563978210779
584501,0.12872078341547108
585001,0.124671757662714
585501,0.13117380626079672
586001,0.1366404844213949
586501,0.1345753389288252
587001,0.14001726273485765
587501,0.13096848291671756
588001,0.13907368297204317
588501,0.12654712613453045
589001,0.13263392786242842
589501,0.1259304113287527
590001,0.13076021273105107
590501,0.13048000121355863
591001,0.13071484192153474
591501,0.13093239559514816
592001,0.1294534860473424
592501,0.13354285509443692
593001,0.13612275108457894
593501,0.14171779924892022
594001,0.1319531774870992
594501,0.1300232184198137
595001,0.13481938115195843
595501,0.1333286130768495
596001,0.1291508057893622
596501,0.1410653811418226
597001,0.12855629519631076
597501,0.13606325438625008
598001,0.13166607585974455
598501,0.12730533267689714
599001,0.13302581506838357
599501,0.13406558190804901
600001,0.13226635186394933
600501,0.12689601457836633
601001,0.1288141803980117
601501,0.130314108630186
602001,0.13518383881426715
602501,0.12789670303780043
603001,0.13366519359903317
603501,0.12738031870364783
604001,0.13573106874317067
604501,0.13287621210130302
605001,0.13399558948409113
605501,0.13300812051575445
606001,0.13359061271180092
606501,0.13097989201978238
607001,0.13340067765302902
607501,0.13309584861030094
608001,0.14286711292980453
608501,0.13058759582386664
609001,0.13126970086302286
609501,0.13999009524915335
610001,0.13268512711080674
610501,0.1304190628263981
611001,0.13177301457992857
611501,0.13541080828163843
612001,0.1400998774244278
612501,0.1323839612328392
613001,0.13097026560968872
613501,0.13007220369589953
614001,0.1338260728691618
614501,0.14018167312427662
615001,0.13253151418075879
615501,0.14531085539288346
616001,0.13178328274924467
616501,0.13868277735620044
617001,0.13167855637632378
617501,0.13413997662942037
618001,0.13998422351690049
618501,0.12880336529621592
619001,0.12848372023782736
619501,0.13537745707033536
620001,0.13490987984202557
620501,0.1485482971721698
621001,0.13086054161100125
621501,0.1316158936135215
622001,0.1229148603296905
622501,0.13912170598807053
623001,0.13221376150139463
623501,0.13410855425896906
624001,0.13429975574687295
624501,0.13555922515739036
625001,0.1312776026391608
625501,0.132369980577253
626001,0.14075278015918366
626501,0.1309981441671777
627001,0.13066233675598354
627501,0.12999405517230503
628001,0.13491723304029113
628501,0.13859223087135328
629001,0.13802096062393887
629501,0.13364853162487925
630001,0.14479459150951138
630501,0.14781831801104353
631001,0.1378667822154948
631501,0.1306459635716987
632001,0.13476675875594807
632501,0.13878681590051523
633001,0.13587198750079305
633501,0.1337245696960884
634001,0.1326471658405312
634501,0.13618999413839147
635001,0.135228103198208
635501,0.14408293684325693
636001,0.13452244139220587
636501,0.13527382381131187
637001,0.1339293267294501
637501,0.1388926040394881
638001,0.13053062328922663
638501,0.137972950636901
639001,0.17263951205164133
639501,0.13772402166148934
640001,0.13559457474034745
640501,0.13044384006353335
641001,0.1329757153447812
641501,0.13126709080355328
642001,0.13120100593346717
642501,0.13226919421125985
643001,0.1361872950049882
643501,0.13747929386837637
644001,0.13406476866801142
644501,0.13732627935481873
645001,0.13742734347268973
645501,0.14221027108246176
646001,0.13234202213911345
646501,0.13573342840684982
647001,0.13945554642934105
647501,0.1404534181240489
648001,0.14245544591710974
648501,0.13660670296826533
649001,0.1331621001154553
649501,0.13626567699324527
650001,0.14749965961236713
650501,0.14027940842422545
651001,0.1376376223693979
651501,0.13782630820576222
652001,0.14051998468215657
652501,0.13209326771730814
653001,0.14723314586772424
653501,0.14091049825878557
654001,0.1400524669592938
654501,0.1455893792918538
655001,0.13555416794253428
655501,0.13727127821366045
656001,0.13597832408917046
656501,0.14108350219545315
657001,0.14182135731314854
657501,0.1353533127965862
658001,0.13705986770652417
658501,0.13986299477018546
659001,0.13598940736999549
659501,0.14033492092966046
660001,0.13903586898223028
660501,0.1346223755764678
661001,0.13697895467010993
661501,0.13431308679355777
662001,0.1387632848773345
662501,0.13620583596004499
663001,0.14482882510334125
663501,0.1315728122663215
664001,0.14313800492264334
664501,0.13152015347634693
665001,0.1346125467979144
665501,0.1371593386398302
666001,0.14095943129324595
666501,0.1558246373944922
667001,0.13507586157593307
667501,0.13806490735627758
668001,0.13511301672009832
668501,0.13830686837017886
669001,0.13927706159535014
669501,0.13869851312942374
670001,0.14227311586989155
670501,0.13449919920207445
671001,0.13689031777801416
671501,0.14300246272716993
672001,0.13903361284059093
672501,0.14352549254767052
673001,0.1381647021208032
673501,0.139637247494106
674001,0.13795178803154712
674501,0.1492774237747218
675001,0.13741706797530673
675501,0.1433982147516116
676001,0.14904461347747586
676501,0.1384033862781243
677001,0.13694456597193477
677501,0.13631081537125594
678001,0.13682708622359468
678501,0.13781092655633728
679001,0.1422864639292217
679501,0.14265017966086072
680001,0.13815763346664284
680501,0.1398776361840946
681001,0.14685191400403996
681501,0.14985794020182797
682001,0.14211123588784802
682501,0.14156215460501162
683001,0.1418344852817773
683501,0.14089220474837214
684001,0.13758607250383537
684501,0.13698821314044843
685001,0.14297519523531155
685501,0.1398233809924306
686001,0.14242548120964102
686501,0.14207969109120902
687001,0.13991123041767994
687501,0.13772376832774968
688001,0.14516046521919318
688501,0.14942501868166658
689001,0.11269305425192369
689501,0.1427371792835655
690001,0.14857151993192627
690501,0.1530961240512317
691001,0.13702526897681974
691501,0.14028999398319103
692001,0.16040906095759122
692501,0.13859542259747648
693001,0.14467588250665395
693501,0.14636067443443193
694001,0.12130285764481351
694501,0.14188635211240316
695001,0.15833242358270605
695501,0.13970647566545874
696001,0.14141117431683303
696501,0.13962673909734374
697001,0.15066588239145573
697501,0.14276249567177385
698001,0.14684718430110028
698501,0.1527774655586578
699001,0.1539392062291028
699501,0.14413113080850487
700001,0.1395553254680883
700501,0.14595939836438712
701001,0.148253876970882
701501,0.1502522349283117
702001,0.1482975151044878
702501,0.14375083853024787
703001,0.14438053774539672
703501,0.1399961694079341
704001,0.1404185449042699
704501,0.1471083473620208
705001,0.14588960251432512
705501,0.14715514472832383
706001,0.143647879282024
706501,0.14191591886175772
707001,0.13864477449819104
707501,0.14528247878480466
708001,0.1529566168234032
708501,0.14272125356322052
709001,0.14770830924457845
709501,0.1397865624530287
710001,0.15028079952823187
710501,0.14520216583269324
711001,0.14158933119124617
711501,0.14381176881711205
712001,0.14575294225235966
712501,0.14105223621979956
713001,0.14829288749484332
713501,0.14113983521153367
714001,0.1387112069364531
714501,0.14211326951653727
715001,0.14291000946820967
715501,0.1459239888771386
716001,0.14748076497013002
716501,0.1505046418311306
717001,0.1445233970812758
717501,0.1503031709179398
718001,0.14544699577088782
718501,0.14120175311832367
719001,0.15852318906272364
719501,0.14537609017968334
720001,0.14502092515786544
720501,0.1471469563605481
721001,0.14803810459582445
721501,0.14515727166904063
722001,0.14323621201919703
722501,0.14606320083071891
723001,0.1514358191671809
723501,0.14226015289545899
724001,0.15779235792986754
724501,0.14471606955223387
725001,0.14401401050058035
725501,0.14178913706632812
726001,0.1453301613243846
726501,0.1419930264442224
727001,0.1514329066848929
727501,0.1549497291840973
728001,0.1478316140622966
728501,0.14239850599634193
729001,0.1503708574924823
729501,0.14732539861132024
730001,0.13828209333023847
730501,0.16463305752579627
731001,0.14691528775231866
731501,0.14480564275325117
732001,0.1502332042786152
732501,0.142463322488825
733001,0.14265834778310568
733501,0.1469924036807714
734001,0.1428669560299241
734501,0.14729689861507156
735001,0.14860519892380905
735501,0.1440935727065066
736001,0.14647447251830129
736501,0.15190579207051289
737001,0.1458583638888153
737501,0.14313537689854153
738001,0.14421011582726778
738501,0.14637542157430308
739001,0.14088716962078662
739501,0.1432005558409614
740001,0.14305910270632205
740501,0.15038608355111666
741001,0.14838541323066753
741501,0.1498387536950661
742001,0.1566632523853022
742501,0.1480053644434439
743001,0.14215847851117114
743501,0.1479150236425875
744001,0.1478835087117196
744501,0.14556920187310696
745001,0.16027323282330658
745501,0.1450513443404331
746001,0.14621746355633983
746501,0.14739719888528402
747001,0.14509452351086874
747501,0.14239000907685306
748001,0.14464168133785746
748501,0.1473836255707743
749001,0.1475984678257051
749501,0.15441504544886
750001,0.14552005346275534
750501,0.15424639828128445
751001,0.14456964478226117
751501,0.16187045163676073
752001,0.15862307891834648
752501,0.1453067776491306
753001,0.14456432093238372
753501,0.14775039208051532
754001,0.14546962697442015
754501,0.14361419607140738
755001,0.14488223546649873
755501,0.15141176810655993
756001,0.14639346338386253
756501,0.14488782513974807
757001,0.15390405049272127
757501,0.1516586741350068
758001,0.1485909715525857
758501,0.15399651520198124
759001,0.1462192718113641
759501,0.14277667183580667
760001,0.15563193042713355
760501,0.1526050308401192
761001,0.14821601122069036
761501,0.15033204941623893
762001,0.15849729596790668
762501,0.14731702406992003
763001,0.15287992183602475
763501,0.14803982933229085
764001,0.14961477947815008
764501,0.1490107135711472
765001,0.1512659029517419
765501,0.1502907000867833
766001,0.15156870663554578
766501,0.14660950555818278
767001,0.14601674942124243
767501,0.1515509314727482
768001,0.1477494615715518
768501,0.15169076052682084
769001,0.15855700716967658
769501,0.15119221512240452
770001,0.149084537547213
770501,0.1475260766677751
771001,0.15877651782190166
771501,0.15136385184631873
772001,0.14789800180591828
772501,0.1512901468378664
773001,0.14960520543765718
773501,0.14412193744868412
774001,0.15638409919094493
774501,0.1555112124855647
775001,0.15619618207832248
775501,0.1537711751393881
776001,0.16341789583230285
776501,0.1545865726043836
777001,0.15819978605596763
777501,0.14410683199105337
778001,0.15764654487952606
778501,0.1506520185655188
779001,0.15047715756807753
779501,0.150974954293525
780001,0.15013361368800113
780501,0.14604573716076205
781001,0.15042875440849035
781501,0.15493194489896522
782001,0.15253684854656346
782501,0.14701116531693018
783001,0.1496041220973508
783501,0.1509743019543567
784001,0.15827751490763867
784501,0.15417394118726
785001,0.1487177759598525
785501,0.17429305976724682
786001,0.17701265887488218
786501,0.15668910034681338
787001,0.15102424473816997
787501,0.15108398125391082
788001,0.15101126752279176
788501,0.16254501131775442
789001,0.14914550828723339
789501,0.1475980115680639
790001,0.15453899353355746
790501,0.15223771218534332
791001,0.15311486791589513
791501,0.14928965554485812
792001,0.14663711610139551
792501,0.1515546833045203
793001,0.15108682485268576
793501,0.1528679747268448
794001,0.15200653240866863
794501,0.14812577096392518
795001,0.14853878514163812
795501,0.14663069191724806
796001,0.1511398823339334
796501,0.14873851923519857
797001,0.1551271852127626
797501,0.1520131834671423
798001,0.15668426847173036
798501,0.15421243489220923
799001,0.14967596324657312
799501,0.1504040355776509
800001,0.14968888550968848
800501,0.15256888148276956
801001,0.14732547790622064
801501,0.15468962159612656
802001,0.1558565238605907
802501,0.16432736362378203
803001,0.14638946796540464
803501,0.1627314055399408
804001,0.1536783694144413
804501,0.16127501614856782
805001,0.14980200811216743
805501,0.15208557498477898
806001,0.16783953864471127
806501,0.15798720065009697
807001,0.15651177546492312
807501,0.14801777831100624
808001,0.1487582313438142
808501,0.15107188031562763
809001,0.15800760871890374
809501,0.1573464426364787
810001,0.1553872324627729
810501,0.1667029894663473
811001,0.1524225921007363
811501,0.15476787792798152
812001,0.14712820152042477
812501,0.14931453702948894
813001,0.13077783365830511
813501,0.15349546618718513
814001,0.15706225483830963
814501,0.1629214366926749
815001,0.1537157751199043
815501,0.15415108843775113
816001,0.15389832733860473
816501,0.15709210486022182
817001,0.15124433673622006
817501,0.15202164481614838
818001,0.15999670493512594
818501,0.15541481921701014
819001,0.15783092812248437
819501,0.15288785251912035
820001,0.1545116031772605
820501,0.15062958402520465
821001,0.15606136160253725
821501,0.1566106167937353
822001,0.1520880226128338
822501,0.14962868550272115
823001,0.1694091709308072
823501,0.15762469464851026
824001,0.15283159463060836
824501,0.15323883932906635
825001,0.15372957216658753
825501,0.15099224540541992
826001,0.15474586391931833
826501,0.15251815097214239
827001,0.144638584545281
827501,0.16704045709426021
828001,0.15952055390930384
828501,0.15413263218686804
829001,0.15325102431534934
829501,0.14961566619136435
830001,0.1545775244736605
830501,0.1498786703235764
831001,0.15734394333761983
831501,0.1567131781611508
832001,0.1574684439542421
832501,0.15135737169681146
833001,0.1533244790242007
833501,0.15225284422402705
834001,0.1533072854832455
834501,0.15307118028945685
835001,0.15328679697233122
835501,0.15518299119162327
836001,0.15777005461875995
836501,0.1527238997387626
837001,0.15063486456511604
837501,0.15255429763394077
838001,0.15658104237956097
838501,0.15087767022423906
839001,0.17749571139189535
839501,0.1566286994458742
840001,0.1563841032522214
840501,0.1545241209054232
841001,0.15535714693386482
841501,0.153012919917522
842001,0.15736387898838264
842501,0.1558980987947552
843001,0.15600145344122787
843501,0.16421605605660994
844001,0.1672369989034607
844501,0.15368345418758414
845001,0.15200219740823664
845501,0.16032214051607294
846001,0.154900739901012
846501,0.1590249517275228
847001,0.15415751355698112
847501,0.15607228840911205
848001,0.1544541574711097
848501,0.15742553828662503
849001,0.16965426889116736
849501,0.15907033763113376
850001,0.1535702632552931
850501,0.15463710285493443
851001,0.16083816052137745
851501,0.16151949176070945
852001,0.1601679091210169
852501,0.1639534430051885
853001,0.15214072165715878
853501,0.16186606608544324
854001,0.15462236531708404
854501,0.15283563660852728
855001,0.16079015405628908
855501,0.15648853034708587
856001,0.1537684322399975
856501,0.15364218547886746
857001,0.16650917458665296
857501,0.160559421955224
858001,0.16400608023362936
858501,0.15538465273662821
859001,0.16859001211339045
859501,0.1533355221138557
860001,0.16036154492510235
860501,0.16685397439781047
861001,0.15831080811722106
861501,0.15395097735988258
862001,0.1547631365671237
862501,0.16056314372577102
863001,0.1589043076851104
863501,0.17162521686065418
864001,0.17491391021752517
864501,0.16368026005628414
865001,0.162197005782508
865501,0.16025274286926378
866001,0.16368013419070146
866501,0.15748565894235014
867001,0.15915224566871458
867501,0.1550590379664597
868001,0.16423381129134001
868501,0.1544917147422427
869001,0.15729474017099934
869501,0.15092985312685042
870001,0.15852711820992232
870501,0.15218973533221836
871001,0.15365227037939638
871501,0.15694914752408287
872001,0.15770191757468685
872501,0.16242178992027603
873001,0.1536544340430157
873501,0.15676847833919333
874001,0.1649067567322593
874501,0.16237821626615362
875001,0.16004681070178234
875501,0.1614022287325913
876001,0.16960191420950493
876501,0.16788108885551725
877001,0.1555767442222264
877501,0.15861761318221052
878001,0.1590934629092841
878501,0.1580142276542486
879001,0.1600522691733074
879501,0.1555477857721475
880001,0.16189870524616148
880501,0.165961476926147
881001,0.15840886229160392
881501,0.15840138859313319
882001,0.154574874050843
882501,0.15606588256744117
883001,0.1624362274902672
883501,0.1623033936643376
884001,0.16537439022075534
884501,0.15688980528649032
885001,0.16085928780119207
885501,0.1570516309445544
886001,0.1612765115836743
886501,0.16014747327510548
887001,0.16816836262188037
887501,0.16430276074477854
888001,0.15671574055337772
888501,0.1564687335808475
889001,0.16273979772555472
889501,0.1616437537052931
890001,0.15910277431119024
890501,0.15873632925642162
891001,0.1731496663923825
891501,0.16585537889305318
892001,0.16457928250736037
892501,0.16939294652219739
893001,0.17500793851567506
893501,0.15753674748993868
894001,0.16878405234390575
894501,0.15590769919838424
895001,0.15720669681450994
895501,0.16375519094501254
896001,0.16705730646043823
896501,0.16153344227141292
897001,0.18106894083703376
897501,0.1800120503420592
898001,0.16457140057527192
898501,0.16342994555586363
899001,0.16330234103100497
899501,0.16873773569094858
900001,0.16614103451071235
900501,0.16657037313389728
901001,0.15882151034948894
901501,0.16243727180183312
902001,0.15830090281351386
902501,0.15988051019714133
903001,0.1612286421723681
903501,0.1680021165407547
904001,0.16998381010666325
904501,0.16151976750164393
905001,0.1624853894246446
905501,0.1621957646558256
906001,0.16190938975253086
906501,0.16920770733136792
907001,0.15764851430822624
907501,0.16757452117896912
908001,0.1678522034061872
908501,0.1734641769503398
909001,0.19433872448817738
909501,0.16254484339426328
910001,0.16410606168882774
910501,0.1581677468000169
911001,0.16039267514428834
911501,0.16582075622826606
912001,0.1640011601286193
912501,0.16500123817196988
913001,0.16304029102139134
913501,0.1638027385238211
914001,0.16496215342982382
914501,0.16314766076913004
915001,0.16164585564746115
915501,0.16465123137156462
916001,0.1579609703193483
916501,0.16689366060866587
917001,0.16888688562537776
917501,0.16022984013061284
918001,0.16636570324819563
918501,0.1634018480704381
919001,0.14373543833746386
919501,0.16040358020041753
920001,0.1645978448224057
920501,0.18004214327638932
921001,0.16331122364821254
921501,0.16331816779171
922001,0.16842814122980332
922501,0.17087244896735157
923001,0.15948530707202493
923501,0.16124621030757513
924001,0.14573030755364283
924501,0.1728712840959843
925001,0.15923524520613078
925501,0.1604375440879978
926001,0.16758810301890067
926501,0.1627842656285334
927001,0.15848863362810778
927501,0.16573701350837516
928001,0.16645069572592464
928501,0.18042447590031818
929001,0.16431873992246893
929501,0.17262563306514814
930001,0.16646900870543893
930501,0.1825266209334646
931001,0.1688736626647815
931501,0.1684449165158998
932001,0.16752585945363377
932501,0.16592618717046678
933001,0.1675910167486662
933501,0.1609320096934403
934001,0.16056787354197713
934501,0.16341444077989956
935001,0.17413016101697373
935501,0.17409038720828
936001,0.16405742313069643
936501,0.16280011988011023
937001,0.16463150665798318
937501,0.16317210254092127
938001,0.15993600834029684
938501,0.1631933087207551
939001,0.17188105538533385
939501,0.16666957087619236
940001,0.16885881787440218
940501,0.18569705394478278
941001,0.1618447703238834
941501,0.17129744049736398
942001,0.16579748661209673
942501,0.1608196975270668
943001,0.1604350461629797
943501,0.1707922425144651
944001,0.1781459146063524
944501,0.16709948758044496
945001,0.16587385572959878
945501,0.1672974308056347
946001,0.16311094200807444
946501,0.16761534947427123
947001,0.1667027296238471
947501,0.16359913186662986
948001,0.17175019172550643
948501,0.17319915569991975
949001,0.16892615744186146
949501,0.16706740633208528
950001,0.16918757590454303
950501,0.16578247016768685
951001,0.16481606801372536
951501,0.16712167661995292
952001,0.16582989530079584
952501,0.16605199097319848
953001,0.16959662450752394
953501,0.16509447886877388
954001,0.16471675073817585
954501,0.17011425278831716
955001,0.1443786444216109
955501,0.1631141370904301
956001,0.1633419032289758
956501,0.1717339768086417
957001,0.18011803935891268
957501,0.16701487753374883
958001,0.164463504145409
958501,0.1676825491266545
959001,0.17768123904734867
959501,0.16632690137073736
960001,0.1666745605347885
960501,0.16650778340659356
961001,0.16456033620566066
961501,0.16202122088519758
962001,0.16465143509526436
962501,0.16413835509266436
963001,0.17165819890923212
963501,0.1632614826798992
964001,0.16468740108309413
964501,0.17500047649430886
965001,0.1794041481646891
965501,0.18021352959627301
966001,0.1699573031917968
966501,0.16645475264722334
967001,0.17914157877547104
967501,0.16598866632781215
968001,0.17188365209559742
968501,0.17750411446555672
969001,0.17071160320827508
969501,0.16897386306135115
970001,0.16262960843550292
970501,0.1637178750687494
971001,0.16848832166902508
971501,0.17127187375300842
972001,0.17071231999746805
972501,0.1640732683980907
973001,0.16709699521045684
973501,0.17410427862955183
974001,0.17049743971015363
974501,0.18256182255905462
975001,0.16776408637680168
975501,0.16972255477775194
976001,0.16865130607488057
976501,0.17452003285653056
977001,0.1765085412678025
977501,0.1717286176214344
978001,0.18618355356401173
978501,0.1770223759567025
979001,0.18376347945928054
979501,0.17073623091780027
980001,0.17195646724577013
980501,0.18280073831374352
981001,0.17519612324536085
981501,0.17032562670239804
982001,0.1673124659019399
982501,0.18141031794145812
983001,0.16709642186043558
983501,0.17138629044138431
984001,0.17399321491144326
984501,0.16585775785396725
985001,0.16868071902123888
985501,0.18346969584433645
986001,0.16996406390895127
986501,0.17000510190756177
987001,0.1690504765925022
987501,0.16293428623095202
988001,0.16484906132425983
988501,0.18117157463883382
989001,0.16711117305688017
989501,0.16701347197277705
990001,0.17948701611788292
990501,0.17397171006980378
991001,0.16337755105811264
991501,0.1728293899137551
992001,0.17152847237721672
992501,0.18187639768585706
993001,0.16814432513523128
993501,0.16469590700908893
994001,0.18632899544116874
994501,0.16943654222614432
995001,0.16984994156599753
995501,0.17221769919824947
996001,0.17633074915884714
996501,0.16667915864932598
997001,0.1660593738960973
997501,0.17182370518091175
998001,0.1731848236615672
998501,0.17192309014382282
999001,0.16574284914962892
999501,0.1683165317011743
